col_name,data_type,comment
nr_prop,string,
nr_parc_prop,string,
nr_apol,string,
nr_cerf_segr,string,
cd_segd,string,
nr_prop_ante,string,
cd_situ_plab,string,
cd_ramo_segr,string,
cd_prod_segr,string,
cd_subp_segr,string,
cd_cnal_vend,string,
dt_venc_plab,string,
dt_pgto_plab,string,
dt_pgto_plab_parc,string,
dt_inic_vige,string,
dt_fim_vige,string,
vl_plab_totl,"decimal(17,2)",
vl_plab_adic_frac,"decimal(17,2)",
vl_plab_pago,"decimal(17,2)",
vl_plab_devo_segd,"decimal(17,2)",
vl_plab_devo_crra,"decimal(17,2)",
vl_prem_totl_parc,"decimal(17,2)",
vl_prem_liqu_parc,"decimal(17,2)",
vl_iof_parc,"decimal(17,2)",
pc_plab,"decimal(11,8)",
cd_empr_ulti_atlz,string,
cd_cral_ulti_atlz,string,
cd_usua_ulti_atlz,string,
cd_tern_ulti_atlz,string,
dh_ulti_atlz,timestamp,
dat_ref_carga,string,
,NULL,NULL
# Partition Information,NULL,NULL
# col_name            ,data_type           ,comment             
,NULL,NULL
dat_ref_carga,string,
