col_name,data_type,comment
nr_prop,string,
cd_empr_prop,string,
cd_cral_prop,string,
cd_prod_segr,string,
cd_subp_segr,string,
cd_moed,string,
cd_segd,string,
cd_oper_orig,string,
cd_situ_prop,string,
dt_cobr_prmr_parc,string,
nr_cota,string,
cd_clie_sgdo,string,
tp_pess_sgdo,string,
dt_inic_prod_segd,string,
cd_cnal_vend,string,
cd_pess_estp,string,
cd_empr_func,string,
nr_matr_func,string,
in_relh_iof,string,
dt_envi_prop,string,
dt_inic_vige,string,
dt_fim_vige,string,
dt_libe_gere_oper,string,
cd_login_gere_oper,string,
dt_emis_apol,string,
dt_inic_vige_apol,string,
cd_situ_dps,string,
dt_fim_vige_apol,string,
dt_emis_endo,string,
nr_apol,string,
vl_cust_apol,"decimal(17,2)",
nr_cerf_segr,string,
nr_endo,string,
nr_prop_segd,string,
cd_moti_canc_prop,string,
vl_adic_frac_totl,"decimal(17,2)",
in_renv,string,
qt_parc,"decimal(5,0)",
tp_dia_debt_parc,string,
di_debt_cnta_crrt,string,
vl_prem_liqu,"decimal(17,2)",
vl_totl_prem,"decimal(17,2)",
nr_sequ_ende_cobr,string,
nr_sequ_ende_cord,string,
nr_prop_ante,string,
cd_autz_cobr,string,
dt_emis_prop,string,
cd_moti_altr_situ,string,
in_cobr_prmr,string,
cd_oper_prop,string,
vl_iof_totl,"decimal(17,2)",
dt_envi_ques,string,
cd_cral_opnt_prop,string,
cd_ramo_segr,string,
qt_dia_tent_prmr_p,"decimal(3,0)",
qt_dia_tent_dema_p,"decimal(3,0)",
qt_maxi_dias_bolt,"decimal(3,0)",
pc_mora,"decimal(11,8)",
vl_mult,"decimal(17,2)",
in_prop_endo,string,
vl_comi_totl,"decimal(17,2)",
in_prod_mens,string,
in_aprv_renv,string,
in_cob_ato_prmr_p,string,
in_rate_comi,string,
cd_usua_cadr_prop,string,
dh_cadr_prop,timestamp,
cd_empr_ulti_atlz,string,
cd_cral_ulti_atlz,string,
cd_usua_ulti_atlz,string,
cd_tern_ulti_atlz,string,
dh_ulti_atlz,timestamp,
dat_ref_carga,string,
,NULL,NULL
# Partition Information,NULL,NULL
# col_name            ,data_type           ,comment             
,NULL,NULL
dat_ref_carga,string,
