col_name,data_type,comment
nr_prop,string,
nr_parc_prop,string,
nr_apol,string,
nr_cerf_segr,string,
cd_segd,string,
nr_sequ_movi,"decimal(6,0)",
cd_prod_segd,string,
cd_subp_segd,string,
dt_oper_cntb,string,
dt_gera_cntb,string,
cd_even_cntb,string,
cd_idef_oper,string,
nr_cnta_cntb,string,
tp_cntb,string,
vl_lanc_cntb,"decimal(17,2)",
tx_info_extt_ha,string,
cd_empr_ulti_atlz,string,
cd_cral_ulti_atlz,string,
cd_usua_ulti_atlz,string,
cd_tern_ulti_atlz,string,
dh_ulti_atlz,timestamp,
tx_just_lanc_manl,string,
dat_ref_carga,string,
,NULL,NULL
# Partition Information,NULL,NULL
# col_name            ,data_type           ,comment             
,NULL,NULL
dat_ref_carga,string,
