col_name,data_type,comment
tp_arqu,string,
nr_sequ_arqu,"decimal(8,0)",
cd_sequ_incs,string,
nr_prop,string,
nr_parc_prop,string,
nr_apol,string,
nr_cerf_segr,string,
cd_segd,string,
nr_reci_plab,string,
cd_situ_movi,string,
dt_atlz_movi,string,
vl_totl_plab,"decimal(17,2)",
tx_just_acei,string,
cd_relt_incs,string,
tx_mesg_erro,string,
cd_empr_ulti_atlz,string,
cd_cral_ulti_atlz,string,
cd_usua_ulti_atlz,string,
cd_tern_ulti_atlz,string,
dh_ulti_atlz,timestamp,
dat_ref_carga,string,
,NULL,NULL
# Partition Information,NULL,NULL
# col_name            ,data_type           ,comment             
,NULL,NULL
dat_ref_carga,string,
