col_name,data_type,comment
cd_prod_segr,string,
cd_subp_segr,string,
cd_segd,string,
cd_cnal_vend,string,
tp_corg,string,
nr_parc_inic,"decimal(3,0)",
dt_inic_vige,string,
nr_parc_fim,"decimal(3,0)",
cd_estp,string,
pc_comi,"decimal(11,8)",
pc_rpss,"decimal(11,8)",
dt_fim_vige,string,
cd_empr_ulti_atlz,string,
cd_cral_ulti_atlz,string,
cd_usua_ulti_atlz,string,
cd_tern_ulti_atlz,string,
dh_ulti_atlz,timestamp,
dat_ref_carga,string,
,NULL,NULL
# Partition Information,NULL,NULL
# col_name            ,data_type           ,comment             
,NULL,NULL
dat_ref_carga,string,
