gen_tabla,gen_entidad,gen_idioma,gen_clave,gen_datos,gen_timest_alt,gen_usuario_alt,gen_timest_mod,gen_usuario_mod,dat_ref_carga
4,33,P,1,RECEBIVEIS     RECEBIVEIS,59:47.0,JC4C0050,59:47.0,JC4C0050,5/15/18
4,33,P,2,APLIC.FINANC.  APLICACOES FINANCEIRAS,59:47.0,JC4C0050,59:47.0,JC4C0050,5/15/18
4,33,P,3,OUTRAS GARANT  OUTRAS GARANTIAS,59:47.0,JC4C0050,59:47.0,JC4C0050,5/15/18
5,33,P,22131601,PNAE - PROG.NAC.DE ALIMENTACAO ESCOLAR - FNDE,59:47.0,JC4C0050,59:47.0,JC4C0050,5/15/18
5,33,P,22131602,PDDE PROG DINHEIRO DIRETO NA ESCOLA PROGRAMA FNDE,59:47.0,JC4C0050,59:47.0,JC4C0050,5/15/18
5,33,P,22131603,CONVENIO - PROG. NAC. DO LIVRO DIDATICO - FNDE,59:47.0,JC4C0050,59:47.0,JC4C0050,5/15/18
5,33,P,22131604,CONVENIO - PROG. NAC. DE TRANSPORTE ESCOLAR - FNDE,59:47.0,JC4C0050,59:47.0,JC4C0050,5/15/18
5,33,P,22131605,CONVENIO - EDUCACAO PRE-ESCOLAR-FNDE,59:47.0,JC4C0050,59:47.0,JC4C0050,5/15/18
5,33,P,22131606,CONVENIO - ENSINO FUNDAMENTAL - FNDE,59:47.0,JC4C0050,59:47.0,JC4C0050,5/15/18
5,33,P,22131607,CONVENIO - ACELERACAO DA APRENDIZAGEM - FNDE,59:47.0,JC4C0050,59:47.0,JC4C0050,5/15/18
5,33,P,22131608,CONVENIO - PROG. NAC. BIBLIOTECA NA ESCOLA - FNDE,59:47.0,JC4C0050,59:47.0,JC4C0050,5/15/18
5,33,P,22131609,CONVENIO - PROG. NAC. DE SAUDE ESCOLAR - FNDE,59:47.0,JC4C0050,59:47.0,JC4C0050,5/15/18
5,33,P,22131610,CONVENIO - EDUCACAO DE JOVENS E ADULTOS - FNDE,59:47.0,JC4C0050,59:47.0,JC4C0050,5/15/18
5,33,P,22131611,CONVENIO - PROGRAMA PAZ NAS ESCOLAS,59:47.0,JC4C0050,59:47.0,JC4C0050,5/15/18
5,33,P,22131612,CONVENIO - EDUCACAO ESPECIAL  - FNDE,59:47.0,JC4C0050,59:47.0,JC4C0050,5/15/18
5,33,P,22131713,CONVENIO - FNS (INF NA EXTE DA CTA O NUM DO CONV),59:47.0,JC4C0050,59:47.0,JC4C0050,5/15/18
5,33,P,22131714,FUNDO MUNICIPAL DE SAUDE - FNS,59:47.0,JC4C0050,59:47.0,JC4C0050,5/15/18
5,33,P,22431601,PNAE - PROG.NAC.DE ALIMENTACAO ESCOLAR - FNDE,59:47.0,JC4C0050,59:47.0,JC4C0050,5/15/18
5,33,P,22431602,PDDE PROG DINHEIRO DIRETO NA ESCOLA PROGRAMA FNDE,59:47.0,JC4C0050,59:47.0,JC4C0050,5/15/18
5,33,P,22431603,CONVENIO - PROG. NAC. DO LIVRO DIDATICO - FNDE,59:47.0,JC4C0050,59:47.0,JC4C0050,5/15/18
5,33,P,22431604,CONVENIO - PROG. NAC. DE TRANSPORTE ESCOLAR - FNDE,59:47.0,JC4C0050,59:47.0,JC4C0050,5/15/18
5,33,P,22431605,CONVENIO - EDUCACAO PRE-ESCOLAR-FNDE,59:47.0,JC4C0050,59:47.0,JC4C0050,5/15/18
5,33,P,22431606,CONVENIO - ENSINO FUNDAMENTAL - FNDE,59:47.0,JC4C0050,59:47.0,JC4C0050,5/15/18
5,33,P,22431607,CONVENIO - ACELERACAO DA APRENDIZAGEM - FNDE,59:47.0,JC4C0050,59:47.0,JC4C0050,5/15/18
5,33,P,22431608,CONVENIO - PROG. NAC. BIBLIOTECA NA ESCOLA - FNDE,59:47.0,JC4C0050,59:47.0,JC4C0050,5/15/18
5,33,P,22431609,CONVENIO - PROG. NAC. DE SAUDE ESCOLAR - FNDE,59:47.0,JC4C0050,59:47.0,JC4C0050,5/15/18
5,33,P,22431610,CONVENIO - EDUCACAO DE JOVENS E ADULTOS - FNDE,59:47.0,JC4C0050,59:47.0,JC4C0050,5/15/18
5,33,P,22431611,CONVENIO - PROGRAMA  PAZ NAS ESCOLAS,59:47.0,JC4C0050,59:47.0,JC4C0050,5/15/18
5,33,P,22431612,CONVENIO - EDUCACAO ESPECIAL  - FNDE,59:47.0,JC4C0050,59:47.0,JC4C0050,5/15/18
5,33,P,22431713,CONVENIO - FNS (INF NA EXTE DA CTA O NUM DO CONV),59:47.0,JC4C0050,59:47.0,JC4C0050,5/15/18
5,33,P,22431714,FUNDO MUNICIPAL DE SAUDE - FNS,59:47.0,JC4C0050,59:47.0,JC4C0050,5/15/18
5,33,P,22431815,GOV ESTADO S P ADM D PENITENCIARIA,59:47.0,JC4C0050,59:47.0,JC4C0050,5/15/18
5,33,P,22451601,PNAE - PROG.NAC.DE ALIMENTACAO ESCOLAR - FNDE,59:47.0,JC4C0050,59:47.0,JC4C0050,5/15/18
5,33,P,22451602,PDDE PROG DINHEIRO DIRETO NA ESCOLA PROGRAMA FNDE,59:47.0,JC4C0050,59:47.0,JC4C0050,5/15/18
5,33,P,22451603,CONVENIO - PROG. NAC. DO LIVRO DIDATICO - FNDE,59:47.0,JC4C0050,59:47.0,JC4C0050,5/15/18
5,33,P,22451604,CONVENIO - PROG. NAC. DE TRANSPORTE ESCOLAR - FNDE,59:47.0,JC4C0050,59:47.0,JC4C0050,5/15/18
5,33,P,22451605,CONVENIO - EDUCACAO PRE-ESCOLAR-FNDE,59:47.0,JC4C0050,59:47.0,JC4C0050,5/15/18
5,33,P,22451606,CONVENIO - ENSINO FUNDAMENTAL - FNDE,59:47.0,JC4C0050,59:47.0,JC4C0050,5/15/18
5,33,P,22451607,CONVENIO - ACELERACAO DA APRENDIZAGEM - FNDE,59:47.0,JC4C0050,59:47.0,JC4C0050,5/15/18
5,33,P,22451608,CONVENIO - PROG. NAC. BIBLIOTECA NA ESCOLA - FNDE,59:47.0,JC4C0050,59:47.0,JC4C0050,5/15/18
5,33,P,22451609,CONVENIO - PROG. NAC. DE SAUDE ESCOLAR - FNDE,59:47.0,JC4C0050,59:47.0,JC4C0050,5/15/18
5,33,P,22451610,CONVENIO - EDUCACAO DE JOVENS E ADULTOS - FNDE,59:47.0,JC4C0050,59:47.0,JC4C0050,5/15/18
5,33,P,22451611,CONVENIO - PROGRAMA  PAZ NAS ESCOLAS,59:47.0,JC4C0050,59:47.0,JC4C0050,5/15/18
5,33,P,22451612,CONVENIO - EDUCACAO ESPECIAL  - FNDE,59:47.0,JC4C0050,59:47.0,JC4C0050,5/15/18
5,33,P,22451713,CONVENIO - FNS (INF NA EXTE DA CTA O NUM DO CONV),59:47.0,JC4C0050,59:47.0,JC4C0050,5/15/18
5,33,P,22451714,FUNDO MUNICIPAL DE SAUDE - FNS,59:47.0,JC4C0050,59:47.0,JC4C0050,5/15/18
5,33,P,22451815,GOV MUN ESTADO SP PAR CONJ M SP AG1,59:47.0,JC4C0050,59:47.0,JC4C0050,5/15/18
8,33,P,0,SIN POBLACION                                               99Z,59:47.0,JC4C0050,59:47.0,JC4C0050,5/15/18
8,33,P,1,ADAMANTINA                                                  24A,59:47.0,JC4C0050,59:47.0,JC4C0050,5/15/18
8,33,P,2,ADOLFO                                                      24A,59:47.0,JC4C0050,59:47.0,JC4C0050,5/15/18
8,33,P,3,AGUAI                                                       24A,59:47.0,JC4C0050,59:47.0,JC4C0050,5/15/18
8,33,P,4,AGUAS DA PRATA                                              24A,59:47.0,JC4C0050,59:47.0,JC4C0050,5/15/18
8,33,P,5,AGUAS DE LINDOIA                                            24A,59:47.0,JC4C0050,59:47.0,JC4C0050,5/15/18
8,33,P,6,AGUAS DE SANTA BARBARA                                      24A,59:47.0,JC4C0050,20:14.0,JC4C0050,5/15/18
8,33,P,7,AGUDOS                                                      24A,59:47.0,JC4C0050,59:47.0,JC4C0050,5/15/18
8,33,P,8,ALTAIR                                                      24A,59:47.0,JC4C0050,59:47.0,JC4C0050,5/15/18
8,33,P,9,ALTINOPOLIS                                                 24A,59:47.0,JC4C0050,59:47.0,JC4C0050,5/15/18
8,33,P,10,ALVARES MACHADO                                             24A,59:47.0,JC4C0050,59:47.0,JC4C0050,5/15/18
8,33,P,11,AMERICANA                                                   24A,59:47.0,JC4C0050,59:47.0,JC4C0050,5/15/18
8,33,P,12,AMERICO BRASILIENSE                                         24A,59:47.0,JC4C0050,59:47.0,JC4C0050,5/15/18
8,33,P,13,AMERICO DE CAMPOS                                           24A,59:47.0,JC4C0050,59:47.0,JC4C0050,5/15/18
8,33,P,14,AMPARO                                                      24A,59:47.0,JC4C0050,59:47.0,JC4C0050,5/15/18
8,33,P,15,ANAPOLIS                                                    08A,59:47.0,JC4C0050,59:47.0,JC4C0050,5/15/18
8,33,P,16,ANDRADINA                                                   24A,59:47.0,JC4C0050,59:47.0,JC4C0050,5/15/18
8,33,P,17,ANGATUBA                                                    24A,59:47.0,JC4C0050,59:47.0,JC4C0050,5/15/18
8,33,P,18,ANHEMBI                                                     24A,59:47.0,JC4C0050,59:47.0,JC4C0050,5/15/18
8,33,P,19,APARECIDA                                                   24A,59:47.0,JC4C0050,59:47.0,JC4C0050,5/15/18
8,33,P,20,APARECIDA D OESTE                                           24A,59:47.0,JC4C0050,59:47.0,JC4C0050,5/15/18
8,33,P,21,APIAI                                                       24A,59:47.0,JC4C0050,59:47.0,JC4C0050,5/15/18
8,33,P,22,ARACAJU                                                     25A,59:47.0,JC4C0050,59:47.0,JC4C0050,5/15/18
8,33,P,23,ARACATUBA                                                   24A,59:47.0,JC4C0050,59:47.0,JC4C0050,5/15/18
8,33,P,24,ARACOIABA DA SERRA                                          24A,59:47.0,JC4C0050,59:47.0,JC4C0050,5/15/18
8,33,P,25,ARAMINA                                                     24A,59:47.0,JC4C0050,59:47.0,JC4C0050,5/15/18
8,33,P,26,ARANDU                                                      24A,59:47.0,JC4C0050,59:47.0,JC4C0050,5/15/18
8,33,P,27,ARARAQUARA                                                  24A,59:47.0,JC4C0050,59:47.0,JC4C0050,5/15/18
8,33,P,28,ARARAS                                                      24A,59:47.0,JC4C0050,59:47.0,JC4C0050,5/15/18
8,33,P,29,AREIAS                                                      24A,59:47.0,JC4C0050,59:47.0,JC4C0050,5/15/18
8,33,P,30,ARTUR NOGUEIRA                                              24A,59:47.0,JC4C0050,59:47.0,JC4C0050,5/15/18
8,33,P,31,ARUJA                                                       24A,59:47.0,JC4C0050,59:47.0,JC4C0050,5/15/18
8,33,P,32,ASSIS                                                       24A,59:47.0,JC4C0050,59:47.0,JC4C0050,5/15/18
8,33,P,33,ATIBAIA                                                     24A,59:47.0,JC4C0050,59:47.0,JC4C0050,5/15/18
8,33,P,34,AURIFLAMA                                                   24A,59:47.0,JC4C0050,59:47.0,JC4C0050,5/15/18
8,33,P,35,AVARE                                                       24A,59:47.0,JC4C0050,59:47.0,JC4C0050,5/15/18
8,33,P,36,BADY BASSITT                                                24B,59:47.0,JC4C0050,20:14.0,JC4C0050,5/15/18
8,33,P,37,BALBINOS                                                    24B,59:47.0,JC4C0050,59:47.0,JC4C0050,5/15/18
8,33,P,38,BANANAL                                                     24B,59:47.0,JC4C0050,59:47.0,JC4C0050,5/15/18
8,33,P,39,BARIRI                                                      24B,59:47.0,JC4C0050,59:47.0,JC4C0050,5/15/18
8,33,P,40,BARRA BONITA                                                24B,59:47.0,JC4C0050,59:47.0,JC4C0050,5/15/18
8,33,P,41,BARRA DO TURVO                                              24B,59:47.0,JC4C0050,59:47.0,JC4C0050,5/15/18
8,33,P,42,BARRETOS                                                    24B,59:47.0,JC4C0050,59:47.0,JC4C0050,5/15/18
8,33,P,43,BARRINHA                                                    24B,59:47.0,JC4C0050,59:47.0,JC4C0050,5/15/18
8,33,P,44,BARUERI                                                     24B,59:47.0,JC4C0050,59:47.0,JC4C0050,5/15/18
8,33,P,45,BASTOS                                                      24B,59:47.0,JC4C0050,59:47.0,JC4C0050,5/15/18
8,33,P,46,BATATAIS                                                    24B,59:47.0,JC4C0050,59:47.0,JC4C0050,5/15/18
8,33,P,47,BAURU                                                       24B,59:47.0,JC4C0050,59:47.0,JC4C0050,5/15/18
8,33,P,48,BEBEDOURO                                                   24B,59:47.0,JC4C0050,59:47.0,JC4C0050,5/15/18
8,33,P,49,BELEM                                                       13B,59:47.0,JC4C0050,59:47.0,JC4C0050,5/15/18
8,33,P,50,BELO HORIZONTE                                              12B,59:47.0,JC4C0050,59:47.0,JC4C0050,5/15/18
8,33,P,51,BENTO DE ABREU                                              24B,59:47.0,JC4C0050,59:47.0,JC4C0050,5/15/18
8,33,P,52,BIRIGUI                                                     24B,59:47.0,JC4C0050,59:47.0,JC4C0050,5/15/18