tp_tabe,cd_idma,cd_tabe,ds_atrb,in_regt_ativ,cd_empr_ulti_atlz,cd_cral_ulti_atlz,cd_usua_ulti_atlz,cd_tern_ulti_atlz,dh_ulti_atlz,dat_ref_carga
1,P,1,SEGURADO PRINCIPAL,S,33,7376,T709Y48,IV5G,06:13.0,5/15/18
1,P,2,CONJUGE,S,CONV,CONV,CONVERSI,CONVERSI,0001-01-01 01:01:01.0,5/15/18
1,P,3,AMBOS,S,33,1,T520A4V,Q42I,27:42.0,5/15/18
2,P,1,ASSOCIAR A PARCELA,S,CONV,CONV,CONVERSI,CONVERSI,0001-01-01 01:01:01.0,5/15/18
2,P,2,ESTORNAR CLIENTE,S,CONV,CONV,CONVERSI,CONVERSI,0001-01-01 01:01:01.0,5/15/18
2,P,3,ESTORNAR SEGURADORA,S,CONV,CONV,CONVERSI,CONVERSI,0001-01-01 01:01:01.0,5/15/18
3,P,1,SEGUNDA OPINIAO MEDICA INTERNACIONAL,S,CONV,CONV,CONVERSI,CONVERSI,0001-01-01 01:01:01.0,5/15/18
3,P,2,ASSISTENCIA FUNERAL,S,CONV,CONV,CONVERSI,CONVERSI,0001-01-01 01:01:01.0,5/15/18
3,P,3,FARMASSIST,S,CONV,CONV,CONVERSI,CONVERSI,0001-01-01 01:01:01.0,5/15/18
3,P,4,ASSISTENCIA 24 HORAS,S,CONV,CONV,CONVERSI,CONVERSI,0001-01-01 01:01:01.0,5/15/18
3,P,5,ASSISTENCIA PESSOAS BRASIL,S,CONV,CONV,CONVERSI,CONVERSI,0001-01-01 01:01:01.0,5/15/18
3,P,6,CENTRAL DE INDICACAO MEDICA,S,CONV,CONV,CONVERSI,CONVERSI,0001-01-01 01:01:01.0,5/15/18
3,P,7,ASSISTENCIA PESSOAS BRASIL E EXTERIOR,S,CONV,CONV,CONVERSI,CONVERSI,0001-01-01 01:01:01.0,5/15/18
3,P,8,REDE BEST PRICE,S,CONV,CONV,CONVERSI,CONVERSI,0001-01-01 01:01:01.0,5/15/18
7,P,201,BAIXAS NA CONTA DE COMPENSACAO DAS PROPOSTAS DE CONTRATACOES DE APOLICES DE SEGUROS PELAS EMISSOES OU CANCELAMENTOS,S,33,1,PU13980,INSERT,54:33.0,5/15/18
3,P,9,ASSISTENCIA NUTRICIONAL,S,CONV,CONV,CONVERSI,CONVERSI,0001-01-01 01:01:01.0,5/15/18
3,P,10,SERVICOS PARA RESIDENCIA,S,CONV,CONV,CONVERSI,CONVERSI,0001-01-01 01:01:01.0,5/15/18
3,P,11,SEGUNDA OPINIAO MEDICA INTERNACIONAL (RENV),S,CONV,CONV,CONVERSI,CONVERSI,0001-01-01 01:01:01.0,5/15/18
3,P,12,FARMASSIST (RENV),S,CONV,CONV,CONVERSI,CONVERSI,0001-01-01 01:01:01.0,5/15/18
3,P,13,ASSISTENCIA VIAGEM 24 HORAS,S,33,7376,T324V01,G88D,26:20.0,5/15/18
3,P,14,ASSISTENCIA RESIDENCIAL,S,33,7376,T324V01,G88D,30:22.0,5/15/18
4,P,1,CLASSE 01,S,CONV,CONV,CONVERSI,CONVERSI,0001-01-01 01:01:01.0,5/15/18
4,P,2,CLASSE 02,S,CONV,CONV,CONVERSI,CONVERSI,0001-01-01 01:01:01.0,5/15/18
4,P,3,CLASSE 03,S,CONV,CONV,CONVERSI,CONVERSI,0001-01-01 01:01:01.0,5/15/18
4,P,4,CLASSE 04,S,CONV,CONV,CONVERSI,CONVERSI,0001-01-01 01:01:01.0,5/15/18
4,P,5,CLASSE 05,S,CONV,CONV,CONVERSI,CONVERSI,0001-01-01 01:01:01.0,5/15/18
4,P,6,CLASSE 06,S,CONV,CONV,CONVERSI,CONVERSI,0001-01-01 01:01:01.0,5/15/18
4,P,7,CLASSE 07,S,CONV,CONV,CONVERSI,CONVERSI,0001-01-01 01:01:01.0,5/15/18
4,P,8,CLASSE 08,S,CONV,CONV,CONVERSI,CONVERSI,0001-01-01 01:01:01.0,5/15/18
7,P,202,REGISTRO DAS EMISSOES DAS APOLICES DE SEGUROS A RECEBER DAS SEGURADORAS TERCEIRAS E LIGADAS,S,33,1,PU13980,INSERT,54:33.0,5/15/18
4,P,9,CLASSE 09,S,CONV,CONV,CONVERSI,CONVERSI,0001-01-01 01:01:01.0,5/15/18
4,P,10,CLASSE 10,S,CONV,CONV,CONVERSI,CONVERSI,0001-01-01 01:01:01.0,5/15/18
DEBG,P,10,TC9CGEN           03470033PS919               101S919               CONQUISTA DE CLIENTES,S,33,33,T520B63,T520B63,16:16.0,5/15/18
DEBG,P,9,TC9CGEN           03470033PS919               100,S,33,33,T520B63,T520B63,16:16.0,5/15/18
DEBG,P,8,TC9CGEN           03470033PS904               101S904               SERVICO A CLIENTES CORRETORA,S,33,33,T520B63,T520B63,16:16.0,5/15/18
DEBG,P,7,TC9CGEN           03470033PS904               100,S,33,33,T520B63,T520B63,16:16.0,5/15/18
DEBG,P,6,TC9CGEN           03470033PS903               101S903               CALL CENTER,S,33,33,T520B63,T520B63,16:16.0,5/15/18
DEBG,P,5,TC9CGEN           03470033PS903               100,S,33,33,T520B63,T520B63,16:16.0,5/15/18
DEBG,P,4,TC9CGEN           03470033PS902               101S902               AGENCIA - REDE SANTANDER,S,33,33,T520B63,T520B63,16:16.0,5/15/18
DEBG,P,3,TC9CGEN           03470033PS902               100,S,33,33,T520B63,T520B63,16:16.0,5/15/18
DEBG,P,2,TC9CGEN           03470033PS901               101S901               REDE SANTANDER,S,33,33,T520B63,T520B63,16:16.0,5/15/18
DEBG,P,1,TC9CGEN           03470033PS901               100,S,33,33,T520B63,T520B63,16:16.0,5/15/18
4,P,9999999999,CLASSE 00,S,CONV,CONV,CONVERSI,CONVERSI,0001-01-01 01:01:01.0,5/15/18
5,P,1,AGENCIA,S,CONV,CONV,CONVERSI,CONVERSI,0001-01-01 01:01:01.0,5/15/18
7,P,203,REGISTRO DOS VALORES PROVISIONADOS DA COMISSAO DE SEGUROS A RECEBER PELA INTERMEDIACAO DAS APOLICES DAS SEGURADORAS TERCEIRAS,S,33,1,PU13980,INSERT,54:33.0,5/15/18
5,P,2,CELULA RECEPCAO,S,CONV,CONV,CONVERSI,CONVERSI,0001-01-01 01:01:01.0,5/15/18
5,P,3,ARQUIVAMENTO,S,CONV,CONV,CONVERSI,CONVERSI,0001-01-01 01:01:01.0,5/15/18
5,P,4,CELULA PRODUCAO,S,CONV,CONV,CONVERSI,CONVERSI,0001-01-01 01:01:01.0,5/15/18
5,P,5,QUIOSQUE,S,CONV,CONV,CONVERSI,CONVERSI,0001-01-01 01:01:01.0,5/15/18
5,P,6,SEGURADORA,S,CONV,CONV,CONVERSI,CONVERSI,0001-01-01 01:01:01.0,5/15/18
6,P,5602540002,10/20/07,S,33,7376,T324A02,G88A,53:54.0,5/15/18
6,P,5602550057,10/20/07,S,33,7376,T324A02,G88A,54:03.0,5/15/18
6,P,5602560098,5/24/08,S,33,7376,T324A02,G88A,35:29.0,5/15/18
6,P,5610500002,10/20/07,S,33,7376,T324A02,G88A,54:09.0,5/15/18
6,P,5610500057,10/20/07,S,33,7376,T324A02,G88A,54:13.0,5/15/18
6,P,5615850002,10/20/07,S,33,7376,T324A02,G88A,54:18.0,5/15/18
6,P,5615850057,10/20/07,S,33,7376,T324A02,G88A,54:24.0,5/15/18
6,P,5615850098,5/24/08,S,33,7376,T324A02,G88A,17:03.0,5/15/18
6,P,5615860057,10/20/07,S,33,7376,T324A02,G88A,54:30.0,5/15/18
7,P,204,REGISTRO DOS VALORES PROVISIONADOS DA COMISSAO DE SEGUROS A RECEBER PELA INTERMEDIACAO DAS APOLICES DAS SEGURADORAS EMPRESAS LIGADAS,S,33,1,PU13980,INSERT,54:33.0,5/15/18
6,P,5617240026,9/3/12,S,33,7376,T325E50,ZO5C,53:36.0,5/15/18
6,P,5617600121,11/11/11,S,33,7376,T611592,Z6DE,11:30.0,5/15/18
6,P,5617610121,11/11/11,S,33,7376,T611592,Z6DE,11:51.0,5/15/18
6,P,6509950002,10/20/07,S,33,7376,T324A02,G88A,54:35.0,5/15/18
6,P,6509950057,10/20/07,S,33,7376,T324A02,G88A,54:42.0,5/15/18
7,P,1,DIF.  INI DE COMIS A PAGAR,S,CONV,CONV,CONVERSI,CONVERSI,0001-01-01 01:01:01.0,5/15/18
7,P,2,DIF.  INI DE COMIS A RECEBER,S,CONV,CONV,CONVERSI,CONVERSI,0001-01-01 01:01:01.0,5/15/18
7,P,3,EST. O VL  DO ANTECIPACAO DA COMIS DA BANESEG,S,CONV,CONV,CONVERSI,CONVERSI,0001-01-01 01:01:01.0,5/15/18
7,P,4,REG.  A BX DA PARCELA RECEBIDA PELO VL  LIQ.,S,CONV,CONV,CONVERSI,CONVERSI,0001-01-01 01:01:01.0,5/15/18
7,P,5,REG.  A BX DAS PARCELAS PAGAS AO ANGARIADORES - VR.LIQUIDO,S,CONV,CONV,CONVERSI,CONVERSI,0001-01-01 01:01:01.0,5/15/18
7,P,6,REG.  EVENTUAL DIF.  NEG. ENTRE O VL  RECEBIDO E O ESPERADO,S,CONV,CONV,CONVERSI,CONVERSI,0001-01-01 01:01:01.0,5/15/18
7,P,7,REG.  EVENTUAL DIF.  POS ENTRE O VL  RECEBIDO E O ESPERADO,S,CONV,CONV,CONVERSI,CONVERSI,0001-01-01 01:01:01.0,5/15/18
7,P,8,REG.  O IMPOSTO DE RENDA RETIDO NA FONTE - A COMPENSAR,S,CONV,CONV,CONVERSI,CONVERSI,0001-01-01 01:01:01.0,5/15/18
7,P,9,"REG.  O VL  DA DESP DE COMIS, APROPRIADA NO DIA",S,CONV,CONV,CONVERSI,CONVERSI,0001-01-01 01:01:01.0,5/15/18
6,P,5617690046,7/1/13,S,33,7376,T324A02,G88A,17:23.0,5/15/18
7,P,10,"REG.  O VL  DA REC. DE COMIS, APROPRIADA NO DIA",S,CONV,CONV,CONVERSI,CONVERSI,0001-01-01 01:01:01.0,5/15/18
7,P,11,"REG.  O VL  DAS PARCELAS DE COMIS A PAGAR, REVERTIDO",S,CONV,CONV,CONVERSI,CONVERSI,0001-01-01 01:01:01.0,5/15/18
7,P,12,"REG.  O VL  DAS PARCELAS DE COMIS A RECEBER, REVERTIDO",S,CONV,CONV,CONVERSI,CONVERSI,0001-01-01 01:01:01.0,5/15/18
7,P,13,"REG.  O VL  DO AJU. DA DESP DE COMIS, SE NEG.",S,CONV,CONV,CONVERSI,CONVERSI,0001-01-01 01:01:01.0,5/15/18
7,P,14,"REG.  O VL  DO AJU. DA DESP DE COMIS, SE POS.",S,CONV,CONV,CONVERSI,CONVERSI,0001-01-01 01:01:01.0,5/15/18
7,P,15,"REG.  O VL  DO AJU. DA REC. DE COMIS, SE NEG.",S,CONV,CONV,CONVERSI,CONVERSI,0001-01-01 01:01:01.0,5/15/18
7,P,16,"REG.  O VL  DO AJU. DA REC. DE COMIS, SE POS.",S,CONV,CONV,CONVERSI,CONVERSI,0001-01-01 01:01:01.0,5/15/18
7,P,17,REG.  O VL  DO ANTECIPACAO DA COMIS DA BANESEG,S,CONV,CONV,CONVERSI,CONVERSI,0001-01-01 01:01:01.0,5/15/18
7,P,18,REG.  O VL  DO IMPOSTO DE RENDA RETIDO DOS ANGARIADORES,S,CONV,CONV,CONVERSI,CONVERSI,0001-01-01 01:01:01.0,5/15/18
7,P,19,REG.  O VL  DO IRRF SOBRE A COMIS RESTITUIDA A SEGURADORA,S,CONV,CONV,CONVERSI,CONVERSI,0001-01-01 01:01:01.0,5/15/18
7,P,20,REG.  O VL  LIQ. DA COMIS RESTITUIDA A CORRETORA P/ANGARIADOR,S,CONV,CONV,CONVERSI,CONVERSI,0001-01-01 01:01:01.0,5/15/18
7,P,21,REG.  O VL  LIQ. DA COMIS RESTITUIDO A SEGURADORA,S,CONV,CONV,CONVERSI,CONVERSI,0001-01-01 01:01:01.0,5/15/18
7,P,22,"REG.  O VL  LIQ. RECUPERADO DOS ANGARIADORES, POR CANCELAMENTO",S,CONV,CONV,CONVERSI,CONVERSI,0001-01-01 01:01:01.0,5/15/18
7,P,23,REG.  O VL  TOTAL DA COMIS A PAGAR E A DIFERIR,S,CONV,CONV,CONVERSI,CONVERSI,0001-01-01 01:01:01.0,5/15/18
7,P,205,BAIXAS DAS APOLICES DE SEGUROS A RECEBER DAS SEGURADORAS TERCEIRAS E LIGADAS NAS CONTAS DE COMPENSACOES (CONTROLE),S,33,1,PU13980,INSERT,54:33.0,5/15/18
7,P,24,REG.  O VL  TOTAL DA COMIS A RECEBER E A DIFERIR,S,CONV,CONV,CONVERSI,CONVERSI,0001-01-01 01:01:01.0,5/15/18
7,P,25,REG.  OS JUROS DE MORA EVENTUALMENTE RECEBIDOS NA PARCELA,S,CONV,CONV,CONVERSI,CONVERSI,0001-01-01 01:01:01.0,5/15/18
7,P,39,39 - CR�DITO CSG,S,33,7376,T527YA2,GY7A,25:31.0,5/15/18
7,P,41,41 - ESTORNO CSG,S,33,7376,T527YA2,GY7A,25:54.0,5/15/18
7,P,45,DEB. CONTA 947648 - DESPESA - MODELO PROTEGIDO,S,33,7376,T520CA5,Z6UB,00:14.0,5/15/18
7,P,46,CRED. CONTA 678942 - VCXBG - MODELO PROTEGIDO,S,33,7376,T520CA5,Z6UB,00:43.0,5/15/18
7,P,47,CRED. CONTA 947648 - DESPESA - MODELO PROTEGIDO,S,33,7376,T520CA5,Z6UB,00:59.0,5/15/18
7,P,48,DEB. CONTA 678942 - VCXBG - MODELO PROTEGIDO,S,33,7376,T520CA5,Z6UB,01:18.0,5/15/18
7,P,39,39 - CR�DITO CSG,S,33,7376,T527YA2,GY7A,18:51.0,5/15/18
8,P,A000000003,DEBITO VALOR IOF TRANSITORIA,S,CONV,CONV,CONVERSI,CONVERSI,0001-01-01 01:01:01.0,5/15/18